{
  "pii_recall": 1.0,
  "pii_latency_p95_ms": 0.0165,
  "topic_accuracy": 0.9,
  "topic_refuse_rate": 0.55,
  "adversarial_detection_rate": 0.95,
  "legit_false_positive_rate": 0.1,
  "num_adversarial": 20,
  "prompt_guard_bonus_accuracy": 1.0,
  "output_unsafe_detection_rate": 0.8,
  "output_safe_false_positive_rate": 0.0,
  "output_guard_latency_p95_ms": 0.09980000322684646,
  "n_requests": 120,
  "L1_P50": 0.024450000000000003,
  "L1_P95": 0.03187,
  "L1_P99": 0.042797999999999996,
  "L2_P50": 0.0006,
  "L2_P95": 0.001005,
  "L2_P99": 0.0014810000000000001,
  "L3_P50": 0.0101,
  "L3_P95": 0.012105,
  "L3_P99": 0.017579,
  "TOTAL_P50": 0.03615,
  "TOTAL_P95": 0.045180000000000005,
  "TOTAL_P99": 0.059607,
  "graceful_fallback_message": "Xin loi, yeu cau nam ngoai pham vi ho tro an toan. Vui long dat cau hoi lien quan chinh sach noi bo."
}