{
  "pii_recall": 1.0,
  "pii_latency_p95_ms": 0.0162,
  "topic_accuracy": 0.9,
  "topic_refuse_rate": 0.55,
  "adversarial_detection_rate": 0.95,
  "legit_false_positive_rate": 0.1,
  "num_adversarial": 20,
  "prompt_guard_bonus_accuracy": 1.0,
  "output_unsafe_detection_rate": 0.8,
  "output_safe_false_positive_rate": 0.0,
  "output_guard_latency_p95_ms": 0.152900000102818,
  "n_requests": 120,
  "L1_P50": 0.032,
  "L1_P95": 0.04236999999999999,
  "L1_P99": 0.060242,
  "L2_P50": 0.0008,
  "L2_P95": 0.001305,
  "L2_P99": 0.001981,
  "L3_P50": 0.013300000000000001,
  "L3_P95": 0.015229999999999999,
  "L3_P99": 0.0165,
  "TOTAL_P50": 0.0467,
  "TOTAL_P95": 0.059734999999999996,
  "TOTAL_P99": 0.08198,
  "graceful_fallback_message": "Xin loi, yeu cau nam ngoai pham vi ho tro an toan. Vui long dat cau hoi lien quan chinh sach noi bo."
}